V-1040HX;2024-05-01;267-1656102;101.99
V-1000FR;2024-05-10;759-1661273;123.18
V-1040HX;2024-05-01;267-1658424;285.94
V-1040HX;2024-05-01;267-1659906;131.99
V-1040HX;2024-05-01;267-1659405;75.99
V-1040HX;2024-05-03;267-1660384;63.99
V-1040HX;2024-05-08;267-1659623;71.99
V-1040HX;2024-05-08;267-1661191;63.99
V-1040HX;2024-05-10;759-1659874;93.75
V-1040HX;2024-05-08;267-1659907;49.99
27300;2024-05-09;836-1662488;138
V-1040HX;2024-05-01;267-1660032;89.99
V-1040HX;2024-05-01;267-1660074;132.99
V-1040HX;2024-05-07;267-1661977;87.99
V-1040HX;2024-05-03;267-1660075;116.99
V-1040HX;2024-05-01;267-1660107;92.99
V-1000FR;2024-05-02;759-1660112;209.54
V-1040HX;2024-05-13;267-1661848;141.99
V-1040HX;2024-05-01;267-1660197;37.99
V-1040HX;2024-05-02;267-1660219;101.99
V-1000NB;2024-05-02;759-1660278;61.14
V-1000SO;2024-05-10;759-1660286;150.97
27300;2024-05-10;533-1660308;40.95
V-1040HX;2024-05-03;267-1660385;29.99
V-1040HX;2024-05-03;267-1660386;29.99
V-1040HX;2024-05-22;267-1660471;99.99
V-1040HX;2024-05-06;267-1662148;27.99
V-1040HX;2024-05-03;267-1661205;57.99
V-1040HX;2024-05-02;267-1660426;77.99
V-1040HX;2024-05-03;267-1660436;179.99
V-1040HX;2024-05-03;267-1660437;27.99
V-1040HX;2024-05-03;267-1660438;63.99
V-1040HX;2024-05-03;267-1660506;175.99
V-1040HX;2024-05-03;267-1660507;157.99
V-1040HX;2024-05-03;267-1660508;233.99
V-1040HX;2024-05-03;267-1660511;113.99
V-1040HX;2024-05-03;267-1660512;59.99
V-1040HX;2024-05-03;267-1660513;229.99
V-1040HX;2024-05-03;267-1660525;282
V-1000SJ;2024-05-03;759-1660710;175.55
V-1040HX;2024-05-02;267-1660570;27.99
V-1040HX;2024-05-08;267-1660837;63.99
V-1040HX;2024-05-01;267-1660838;63.99
V-1040HX;2024-05-01;267-1660839;261.99
V-1040HX;2024-05-03;267-1660840;301.99
27300;2024-05-01;836-1661099;178
27300;2024-05-07;836-1662489;188
27300;2024-05-06;533-1660790;65.95
V-1040HX;2024-05-01;267-1660841;249.99
V-1040HX;2024-05-01;267-1660842;63.99
V-1040HX;2024-05-07;267-1660843;175.99
V-1040HX;2024-05-01;267-1660866;133.99
V-1040HX;2024-05-06;267-1660867;29.99
V-1040HX;2024-05-08;267-1660868;105.99
V-1040HX;2024-05-06;267-1660907;53.99
V-1040HX;2024-05-03;267-1660891;39.99
V-1040HX;2024-05-07;267-1660892;63.99
V-1040HX;2024-05-01;267-1660893;179.99
V-1040HX;2024-05-01;267-1660894;71.99
V-1040HX;2024-05-06;267-1660910;101.99
V-1040HX;2024-05-06;267-1660931;138
V-1040HX;2024-05-07;267-1660985;163.99
V-1040HX;2024-05-06;267-1660987;15.99
V-1040HX;2024-05-13;267-1661832;179.99
V-1040HX;2024-05-23;267-1663026;63.99
V-1040HX;2024-05-01;267-1661042;71.99
V-1040HX;2024-05-02;267-1661043;92.99
V-1040HX;2024-05-10;267-1661045;27.99
V-1040HX;2024-05-02;267-1661058;241.99
V-1040HX;2024-05-02;267-1661059;109.99
V-1040HX;2024-05-23;267-1661088;227.99
V-1040HX;2024-05-02;267-1661073;109.99
V-1040HX;2024-05-10;267-1661979;131.99
V-1040HX;2024-05-02;267-1661074;241.99
V-1040HX;2024-05-08;267-1662315;71.99
V-1040HX;2024-05-02;267-1661090;168
V-1040HX;2024-05-06;267-1661094;98
V-1040HX;2024-05-02;267-1661097;57
V-1040HX;2024-05-08;267-1662524;24
V-1040HX;2024-05-06;267-1661192;139.99
V-1040HX;2024-05-03;267-1661193;105.99
V-1040HX;2024-05-08;267-1661194;57.99
V-1040HX;2024-05-08;267-1661195;57.99
V-1040HX;2024-05-09;267-1661206;63.99
V-1040HX;2024-05-08;267-1661207;29.99
V-1040HX;2024-05-08;267-1661208;63.99
V-1040HX;2024-05-01;267-1661209;71.99
V-1040HX;2024-05-02;267-1661237;99.99
V-1040HX;2024-05-07;267-1661238;81.99
V-1040HX;2024-05-02;267-1661239;71.99
V-1040HX;2024-05-03;267-1661399;71.99
V-1040HX;2024-05-09;267-1661400;63.99
V-1040HX;2024-05-09;267-1661401;49.99
V-1040HX;2024-05-09;267-1661402;29.99
V-1040HX;2024-05-03;267-1661564;99.99
V-1040HX;2024-05-03;267-1661565;99.99
V-1040HX;2024-05-13;267-1661566;39.99
V-1040HX;2024-05-10;267-1661567;167.99
V-1040HX;2024-05-03;267-1661578;57.99
V-1040HX;2024-05-06;267-1661579;71.99
V-1040HX;2024-05-09;267-1661587;253.99
V-1040HX;2024-05-03;267-1661588;80.99
V-1040HX;2024-05-06;267-1661590;71.99
V-1040HX;2024-05-06;267-1661591;92.99
V-1040HX;2024-05-03;267-1661596;63.99
V-1040HX;2024-05-03;267-1661599;63.99
V-1040HX;2024-05-06;267-1661600;179.99
V-1040HX;2024-05-10;267-1661608;63.99
V-1040HX;2024-05-06;267-1661824;109.99
V-1040HX;2024-05-10;267-1661825;213.99
V-1040HX;2024-05-10;267-1662525;146
27300;2024-05-07;836-1662490;138
V-1040HX;2024-05-15;267-1662985;71.99
V-1040HX;2024-05-07;267-1661833;63.99
V-1040HX;2024-05-13;267-1661866;145.99
27300;2024-05-06;836-1661870;138
V-1040HX;2024-05-14;267-1661849;53.99
27300;2024-05-06;836-1661872;84
27300;2024-05-07;836-1661873;139
V-1040HX;2024-05-13;267-1661867;227.99
27300;2024-05-06;836-1661877;178
27300;2024-05-06;836-1661878;318
V-1040HX;2024-05-08;267-1661879;179.99
V-1040HX;2024-05-07;267-1661880;63.99
V-1040HX;2024-05-13;267-1661881;63.99
V-1040HX;2024-05-16;267-1661908;63.99
V-1040HX;2024-05-17;267-1661918;116
V-1040HX;2024-05-08;267-1661915;214
V-1040HX;2024-05-08;267-1661941;261.99
V-1040HX;2024-05-14;267-1661982;63.99
V-1040HX;2024-05-13;267-1662031;63.99
V-1040HX;2024-05-07;267-1662032;63.99
V-1040HX;2024-05-13;267-1662033;63.99
V-1040HX;2024-05-13;267-1662034;63.99
V-1040HX;2024-05-13;267-1662035;99.99
V-1040HX;2024-05-13;267-1662036;71.99
V-1040HX;2024-05-08;267-1662089;72
V-1040HX;2024-05-17;267-1662098;120.99
V-1040HX;2024-05-03;267-1662102;36
V-1040HX;2024-05-08;267-1662103;108
V-1040HX;2024-05-15;267-1662149;63.99
V-1040HX;2024-05-06;267-1662150;97.99
V-1040HX;2024-05-06;267-1662151;97.99
V-1040HX;2024-05-24;267-1663340;92.99
V-1040HX;2024-05-14;267-1662252;63.99
V-1040HX;2024-05-14;267-1662253;63.99
V-1040HX;2024-05-10;267-1662254;213.99
V-1040HX;2024-05-16;267-1662255;151.99
V-1040HX;2024-05-17;267-1662316;91.99
V-1040HX;2024-05-10;267-1662256;213.99
V-1040HX;2024-05-17;267-1662259;132.94
V-1040HX;2024-05-24;267-1662317;63.99
V-1040HX;2024-05-10;267-1662318;71.99
V-1040HX;2024-05-08;267-1662452;163.99
V-1040HX;2024-05-16;267-1662470;29.99
V-1040HX;2024-05-08;267-1662453;163.99
V-1040HX;2024-05-17;267-1663547;177.99
V-1040HX;2024-05-08;267-1662454;99.99
V-1040HX;2024-05-16;267-1662471;29.99
V-1040HX;2024-05-16;267-1662472;29.99
27300;2024-05-09;836-1662491;114
27300;2024-05-07;836-1662493;148
V-1040HX;2024-05-16;267-1662498;277.99
27300;2024-05-07;836-1662494;148
27300;2024-05-09;836-1662495;178
V-1040HX;2024-05-08;267-1662501;113.99
27300;2024-05-09;836-1662496;298
V-1040HX;2024-05-13;267-1662502;203.99
27300;2024-05-07;836-1662497;298
V-1040HX;2024-05-17;267-1662503;105.99
V-1040HX;2024-05-10;267-1662519;113.99
V-1040HX;2024-05-22;267-1662520;63.99
V-1040HX;2024-05-17;267-1662521;179.99
V-1040HX;2024-05-22;267-1662523;142.99
V-1040HX;2024-05-14;267-1662526;188
V-1040HX;2024-05-10;267-1662567;105
V-1040HX;2024-05-17;267-1662684;29.99
V-1040HX;2024-05-24;267-1662619;204
V-1040HX;2024-05-09;267-1662699;87.99
V-1040HX;2024-05-09;267-1662700;99.99
V-1040HX;2024-05-14;267-1662711;102.99
V-1040HX;2024-05-16;267-1662712;203.99
V-1040HX;2024-05-17;267-1662713;63.99
V-1040HX;2024-05-17;267-1662715;63.99
V-1040HX;2024-05-14;267-1663141;78
V-1040HX;2024-05-23;267-1663341;63.99
27300;2024-05-10;836-1662855;94
27300;2024-05-13;836-1662939;138
27300;2024-05-13;836-1662940;248
27300;2024-05-13;836-1662941;278
V-1040HX;2024-05-09;267-1662987;29.99
V-1040HX;2024-05-14;267-1662988;99.99
V-1040HX;2024-05-14;267-1662989;99.99
27300;2024-05-13;836-1662942;318
V-1040HX;2024-05-22;267-1663027;63.99
V-1040HX;2024-05-15;267-1663029;71.99
V-1040HX;2024-05-23;267-1663030;99.99
V-1040HX;2024-05-15;267-1663031;71.99
V-1040HX;2024-05-16;267-1663045;179.99
V-1040HX;2024-05-14;267-1663046;167.99
27300;2024-05-30;836-1664886;138
27300;2024-05-13;836-1663108;188
V-1040HX;2024-05-16;267-1663136;187.99
V-1040HX;2024-05-23;267-1663146;39.99
V-1040HX;2024-05-14;267-1663147;71.99
V-1040HX;2024-05-13;267-1663148;71.99
V-1040HX;2024-05-23;267-1663200;99.99
V-1040HX;2024-05-15;267-1663201;160.99
V-1040HX;2024-05-16;267-1663205;103.99
V-1040HX;2024-05-14;267-1663206;103.99
V-1040HX;2024-05-15;267-1663207;163.99
V-1040HX;2024-05-21;267-1663316;71.99
V-1040HX;2024-05-15;267-1663216;262
V-1040HX;2024-05-16;267-1663317;63.99
V-1040HX;2024-05-16;267-1663318;261.99
V-1040HX;2024-05-21;267-1663319;95.99
V-1040HX;2024-05-24;267-1663325;61.99
V-1040HX;2024-05-13;267-1663326;27.99
V-1040HX;2024-05-21;267-1663327;33.99
V-1040HX;2024-05-24;267-1663342;63.99
V-1040HX;2024-05-21;267-1663391;29.99
V-1040HX;2024-05-16;267-1663392;71.99
V-1040HX;2024-05-14;267-1663354;30
V-1040HX;2024-05-17;267-1663357;88
V-1040HX;2024-05-24;267-1663382;84
V-1040HX;2024-05-14;267-1663393;57.99
V-1040HX;2024-05-23;267-1663400;121.94
V-1040HX;2024-05-14;267-1663402;41.99
V-1040HX;2024-05-22;267-1663504;63.99
V-1040HX;2024-05-21;267-1663505;95.99
V-1040HX;2024-05-21;267-1663515;29.99
V-1040HX;2024-05-16;267-1663516;63.99
V-1040HX;2024-05-27;267-1663517;123.99
V-1040HX;2024-05-21;267-1663518;116.99
V-1040HX;2024-05-27;267-1663519;63.99
V-1040HX;2024-05-24;267-1663520;63.99
V-1040HX;2024-05-27;267-1663549;99.99
V-1040HX;2024-05-21;267-1663552;185.99
V-1040HX;2024-05-16;267-1663555;77.99
V-1040HX;2024-05-16;267-1663558;63.99
V-1040HX;2024-05-15;267-1663559;71.99
V-1040HX;2024-05-21;267-1663636;167.99
V-1040HX;2024-05-24;267-1664315;179.99
V-1040HX;2024-05-17;267-1663637;123.99
V-1040HX;2024-05-16;267-1663638;213.99
V-1040HX;2024-05-21;267-1663639;145.99
V-1040HX;2024-05-21;267-1663644;203.99
V-1040HX;2024-05-21;267-1663645;92.99
V-1040HX;2024-05-27;267-1664465;63.99
V-1040HX;2024-05-29;267-1663959;113.99
27300;2024-05-15;836-1663983;37
27300;2024-05-22;836-1663984;238
27300;2024-05-22;836-1663988;348
27300;2024-05-22;836-1663991;38
27300;2024-05-22;836-1663992;198
V-1040HX;2024-05-24;267-1664010;63.99
V-1040HX;2024-05-23;267-1664056;215.99
V-1040HX;2024-05-28;267-1664057;63.99
V-1040HX;2024-05-22;267-1664058;241.99
V-1040HX;2024-05-29;267-1664059;105.99
V-1040HX;2024-05-22;267-1664060;109.99
V-1040HX;2024-05-29;267-1664138;113.99
V-1040HX;2024-05-29;267-1664139;59.99
V-1040HX;2024-05-23;267-1664218;133.99
V-1040HX;2024-05-31;267-1664219;245.99
V-1040HX;2024-05-29;267-1664226;29.99
V-1040HX;2024-05-23;267-1664220;301.99
V-1040HX;2024-05-29;267-1664227;101.99
V-1040HX;2024-05-22;267-1664228;149.99
V-1040HX;2024-05-29;267-1664229;127.99
V-1040HX;2024-05-29;267-1664230;29.99
V-1040HX;2024-05-23;267-1664244;105
V-1040HX;2024-05-22;267-1664241;213.99
V-1040HX;2024-05-29;267-1664243;63.99
V-1040HX;2024-05-27;267-1664245;218
V-1040HX;2024-05-23;267-1664297;99.99
V-1040HX;2024-05-23;267-1664298;99.99
V-1040HX;2024-05-30;267-1664299;121.99
V-1040HX;2024-05-23;267-1664316;77.99
V-1040HX;2024-05-31;759-1664379;139.39
V-1040HX;2024-05-23;267-1664358;253.99
V-1040HX;2024-05-24;267-1664359;109.99
V-1000NB;2024-05-28;759-1664338;137.22
V-1040HX;2024-05-24;267-1664374;99.99
V-1040HX;2024-05-31;267-1664375;111.99
V-1040HX;2024-05-23;267-1664458;201.99
V-1040HX;2024-05-30;267-1664466;63.99
V-1040HX;2024-05-28;267-1664473;262
V-1040HX;2024-05-27;267-1664484;106
V-1040HX;2024-05-31;267-1664574;157.99
V-1040HX;2024-05-24;267-1664490;70
V-1040HX;2024-05-27;267-1664497;70
V-1040HX;2024-05-31;267-1664504;16
V-1040HX;2024-05-29;267-1664578;101.99
V-1040HX;2024-05-30;267-1664582;92.99
V-1040HX;2024-05-30;267-1664584;215.99
V-1040HX;2024-05-29;267-1664601;179.99
V-1040HX;2024-05-29;267-1664602;113.99
V-1040HX;2024-05-29;267-1664604;63.99
V-1040HX;2024-05-31;267-1664822;122
V-1040HX;2024-05-27;267-1664810;99.99
V-1040HX;2024-05-27;267-1664811;261.99
V-1040HX;2024-05-28;267-1664936;149.99
V-1040HX;2024-05-28;267-1664937;103.99
27300;2024-05-27;836-1664887;138
27300;2024-05-27;836-1664888;32
27300;2024-05-27;836-1664889;348
V-1040HX;2024-05-31;267-1664939;29.99
V-1040HX;2024-05-27;267-1665022;145.99
V-1040HX;2024-05-31;267-1665058;235.99
V-1040HX;2024-05-31;267-1665534;63.99
V-1040HX;2024-05-29;267-1665188;189.99
V-1040HX;2024-05-29;267-1665189;77.99
V-1040HX;2024-05-29;267-1665195;149.99
27300;2024-05-30;836-1665259;188
27300;2024-05-30;836-1665260;248
27300;2024-05-30;836-1665265;238
27300;2024-05-30;836-1665267;238
27300;2024-05-30;836-1665268;84
V-1040HX;2024-05-31;267-1665274;179.99
V-1040HX;2024-05-28;267-1665304;63.99
V-1040HX;2024-05-30;267-1665311;144
V-1040HX;2024-05-30;267-1665418;133.99
V-1040HX;2024-05-29;267-1665434;249.99
V-1040HX;2024-05-31;267-1665436;85.99
V-1040HX;2024-05-31;267-1665631;63.99
V-1040HX;2024-05-31;267-1665665;57.99
V-1000NB;2024-05-01;266-1658823;179.99
V-1000NB;2024-05-08;266-1661035;99.99
V-1000NB;2024-05-08;266-1661185;111.99
V-1000NB;2024-05-14;266-1659805;185.99
V-1000NB;2024-05-07;266-1659878;173.99
V-1000NB;2024-05-01;266-1659899;141.99
V-1000NB;2024-05-01;266-1660050;115.99
V-1000NB;2024-05-03;266-1660377;111.99
V-1000NB;2024-05-09;266-1661721;277.99
V-1000NB;2024-05-01;266-1660442;135.99
V-1000NB;2024-05-03;266-1660480;98.99
V-1000NB;2024-05-03;266-1660473;149.99
V-1000NB;2024-05-03;266-1660481;179.99
V-1000NB;2024-05-03;266-1660482;92.99
V-1000NB;2024-05-03;266-1660494;113.99
V-1000NB;2024-05-03;266-1660619;75.99
V-1000NB;2024-05-03;266-1660620;29.99
V-1000NB;2024-05-03;266-1660621;179.99
V-1000NB;2024-05-03;266-1660623;75.99
V-1000NB;2024-05-03;266-1660630;113.99
V-1000NB;2024-05-02;266-1660684;51.99
V-1000NB;2024-05-03;266-1660752;85.99
V-1000NB;2024-05-03;266-1660753;219.99
V-1000NB;2024-05-10;266-1660754;259.99
V-1000NB;2024-05-03;266-1660755;99.99
V-1000NB;2024-05-03;266-1660756;219.99
V-1000NB;2024-05-03;266-1660757;92.99
V-1000NB;2024-05-01;266-1660758;101.99
V-1000NB;2024-05-01;266-1660759;225.99
V-1000NB;2024-05-06;266-1660785;75.99
V-1000NB;2024-05-06;266-1660834;111.99
V-1000NB;2024-05-01;266-1660928;185.99
V-1000NB;2024-05-02;266-1661036;129.99
V-1000NB;2024-05-02;266-1661095;111.99
V-1000NB;2024-05-02;266-1661096;99.99
V-1000NB;2024-05-06;266-1661186;121.99
V-1000NB;2024-05-02;266-1661336;113.99
V-1000NB;2024-05-02;266-1661337;99.99
V-1000NB;2024-05-06;266-1661449;263.99
V-1000NB;2024-05-06;266-1661450;139.99
V-1000NB;2024-05-03;266-1661451;80.99
V-1000NB;2024-05-15;266-1661452;75.99
V-1000NB;2024-05-10;266-1661453;229.99
V-1000NB;2024-05-03;266-1661584;121.99
V-1000NB;2024-05-07;266-1661585;109.99
V-1000NB;2024-05-10;266-1661586;213.99
V-1000NB;2024-05-10;266-1661716;265.99
V-1000NB;2024-05-07;266-1661762;237.99
V-1000NB;2024-05-06;266-1661717;113.99
V-1000NB;2024-05-10;266-1661718;75.99
V-1000NB;2024-05-09;266-1661719;121.99
V-1000NB;2024-05-09;266-1661720;101.99
V-1000NB;2024-05-08;266-1662099;131.99
V-1000NB;2024-05-10;266-1661722;149.99
V-1000NB;2024-05-13;266-1661739;229.99
V-1000NB;2024-05-22;266-1662814;137.99
V-1000NB;2024-05-10;266-1661740;113.99
V-1000NB;2024-05-08;266-1661764;280
V-1000NB;2024-05-10;266-1661753;149.99
V-1000NB;2024-05-10;266-1661754;59.99
V-1000NB;2024-05-08;266-1661766;111
V-1000NB;2024-05-06;266-1661777;98
V-1000NB;2024-05-13;266-1661842;116.99
V-1000NB;2024-05-07;266-1661791;168
V-1000NB;2024-05-10;266-1661792;179.99
V-1000NB;2024-05-14;266-1661826;75.99
V-1000NB;2024-05-13;266-1661843;227.99
V-1000NB;2024-05-16;266-1661949;51.99
V-1000NB;2024-05-02;266-1661938;66
V-1000NB;2024-05-13;266-1662072;62
V-1000NB;2024-05-22;266-1662082;45.99
V-1000NB;2024-05-14;266-1662083;113.99
V-1000NB;2024-05-07;266-1662100;113.99
V-1000NB;2024-05-08;266-1662101;71.99
V-1000NB;2024-05-09;266-1662169;109.99
V-1000NB;2024-05-14;266-1662152;75.99
V-1000NB;2024-05-22;266-1663821;115.99
V-1000NB;2024-05-14;266-1662226;179.99
V-1000NB;2024-05-08;266-1662287;299.99
V-1000NB;2024-05-15;266-1662448;88
V-1000NB;2024-05-16;266-1662533;229.99
V-1000NB;2024-05-17;266-1662446;63.99
V-1000NB;2024-05-22;266-1662447;65.99
V-1000NB;2024-05-13;266-1662459;217.99
V-1000NB;2024-05-17;266-1662566;113.99
V-1000NB;2024-05-09;266-1662560;71.99
V-1000NB;2024-05-14;266-1662561;111.99
V-1000NB;2024-05-16;266-1662600;151.99
V-1000NB;2024-05-16;266-1662601;111.99
V-1000NB;2024-05-10;266-1662602;137.99
V-1000NB;2024-05-24;266-1662860;75.99
V-1000NB;2024-05-17;266-1662688;75.99
V-1000NB;2024-05-17;266-1662710;113.99
V-1000NB;2024-05-22;266-1662861;98.99
V-1000NB;2024-05-14;266-1662837;131.99
V-1000NB;2024-05-14;266-1662921;99.99
V-1000NB;2024-05-14;266-1662922;113.99
V-1000NB;2024-05-13;266-1662954;57.99
V-1000NB;2024-05-22;266-1663004;123.99
V-1000NB;2024-05-27;266-1663085;103.99
V-1000NB;2024-05-23;266-1663086;199.99
V-1000NB;2024-05-23;266-1663123;113.99
V-1000NB;2024-05-15;266-1663142;57.99
V-1000NB;2024-05-23;266-1663151;113.99
V-1000NB;2024-05-23;266-1663194;113.99
V-1000NB;2024-05-23;266-1663282;86.99
V-1000NB;2024-05-21;266-1663287;75.99
V-1000NB;2024-05-24;266-1663295;87.99
V-1000NB;2024-05-24;266-1663330;67.99
V-1000NB;2024-05-17;266-1663383;99.99
V-1000NB;2024-05-23;266-1663384;139.99
V-1000NB;2024-05-15;266-1663396;99.99
V-1000NB;2024-05-21;266-1663397;57.99
V-1000NB;2024-05-17;266-1663399;76
V-1000NB;2024-05-16;266-1663424;123.99
V-1000NB;2024-05-24;266-1663425;113.99
V-1000NB;2024-05-15;266-1663426;149.99
V-1000NB;2024-05-31;266-1663512;71.99
V-1000NB;2024-05-22;266-1664012;99.99
V-1000NB;2024-05-22;266-1663513;99.99
V-1000NB;2024-05-27;266-1663514;75.99
V-1000NB;2024-05-30;266-1663534;155.99
V-1000NB;2024-05-16;266-1663589;213.99
V-1000NB;2024-05-16;266-1663778;77.99
V-1000NB;2024-05-22;266-1663779;199.99
V-1000NB;2024-05-27;266-1663707;113.99
V-1000NB;2024-05-22;266-1663729;213.99
V-1000NB;2024-05-27;266-1663730;111.99
V-1000NB;2024-05-24;266-1663731;113.99
V-1000NB;2024-05-22;266-1663737;67.99
V-1000NB;2024-05-17;266-1663837;71.99
V-1000NB;2024-05-28;266-1664013;101.99
V-1000NB;2024-05-22;266-1664014;167.99
V-1000NB;2024-05-22;266-1664015;99.99
V-1000NB;2024-05-23;266-1664041;167.99
V-1000NB;2024-05-23;266-1664116;261.99
V-1000NB;2024-05-24;266-1664117;121.99
V-1000NB;2024-05-24;266-1664118;224
V-1000NB;2024-05-29;266-1664202;103.99
V-1000NB;2024-05-30;266-1664277;45.99
V-1000NB;2024-05-27;266-1664335;199.99
V-1000NB;2024-05-30;266-1664373;75.99
V-1000NB;2024-05-30;266-1664376;75.99
V-1000NB;2024-05-23;266-1664403;153.99
V-1000NB;2024-05-23;266-1664459;99.99
V-1000NB;2024-05-29;266-1664460;75.99
V-1000NB;2024-05-31;266-1664522;87.99
V-1000NB;2024-05-30;266-1664523;87.99
V-1000NB;2024-05-29;266-1664535;113.99
V-1000NB;2024-05-29;266-1664536;59.99
V-1000NB;2024-05-30;266-1664671;213.99
V-1000NB;2024-05-28;266-1664856;144.99
V-1000NB;2024-05-31;266-1665486;115.99
V-1000NB;2024-05-29;266-1665286;77.99
V-1000NB;2024-05-30;266-1665396;99.99
V-1000NB;2024-05-30;266-1665406;98
V-1000NB;2024-05-30;266-1665487;213.99
V-1000NB;2024-05-02;759-1660278;61.14
V-1000NB;2024-05-28;759-1664338;137.22
V-1000VD;2024-05-01;266-1660455;126.99
V-1000VD;2024-05-02;266-1660221;116.99
V-1000VD;2024-05-23;266-1662910;215.99
V-1000VD;2024-05-01;266-1660252;117.99
V-1000VD;2024-05-01;266-1660456;75.99
V-1000VD;2024-05-01;266-1660344;33.99
V-1000VD;2024-05-02;266-1660345;103.99
V-1000VD;2024-05-02;266-1660348;33.99
V-1000VD;2024-05-08;266-1661314;92.99
V-1000VD;2024-05-03;266-1660458;29.99
V-1000VD;2024-05-03;266-1660495;113.99
V-1000VD;2024-05-03;266-1660496;45.99
V-1000VD;2024-05-07;266-1660948;63.99
V-1000VD;2024-05-06;266-1660949;155.99
V-1000VD;2024-05-10;266-1661923;109.99
V-1000VD;2024-05-08;266-1661556;101.99
V-1000VD;2024-05-03;266-1660952;117.99
V-1000VD;2024-05-15;266-1660953;123.99
V-1000VD;2024-05-02;266-1660954;92.99
V-1000VD;2024-05-06;266-1660968;69.99
V-1000VD;2024-05-03;266-1660969;69.99
V-1000VD;2024-05-03;266-1660990;157.99
V-1000VD;2024-05-02;266-1661016;143.99
V-1000VD;2024-05-02;266-1661017;116.99
V-1000VD;2024-05-01;266-1661038;173.99
V-1000VD;2024-05-10;266-1662233;213.99
V-1000VD;2024-05-08;266-1661315;92.99
V-1000VD;2024-05-02;266-1661316;179.99
V-1000VD;2024-05-08;266-1661317;219.99
V-1000VD;2024-05-17;266-1661318;213.99
V-1000VD;2024-05-06;266-1661319;197.99
V-1000VD;2024-05-08;266-1661320;179.99
V-1000VD;2024-05-07;266-1661321;67.99
V-1000VD;2024-05-08;266-1661323;63.99
V-1000VD;2024-05-08;266-1661375;179.99
V-1000VD;2024-05-08;266-1661329;131.99
V-1000VD;2024-05-07;266-1661376;137.99
V-1000VD;2024-05-09;266-1661557;101.99
V-1000VD;2024-05-10;266-1661558;215.99
V-1000VD;2024-05-09;266-1661559;33.99
V-1000VD;2024-05-10;266-1661560;75.99
V-1000VD;2024-05-09;266-1661613;103.99
V-1000VD;2024-05-09;266-1661614;75.99
V-1000VD;2024-05-08;266-1661670;75.99
V-1000VD;2024-05-17;266-1661924;257.99
V-1000VD;2024-05-14;266-1661925;51.99
V-1000VD;2024-05-15;266-1662952;109.99
V-1000VD;2024-05-13;266-1662010;179.99
V-1000VD;2024-05-08;266-1662021;187.99
V-1000VD;2024-05-13;266-1662086;150
V-1000VD;2024-05-15;266-1662088;214
V-1000VD;2024-05-23;266-1662092;96
V-1000VD;2024-05-13;266-1662094;140
V-1000VD;2024-05-16;266-1662096;254
V-1000VD;2024-05-15;266-1662231;51.99
V-1000VD;2024-05-15;266-1662335;215.99
V-1000VD;2024-05-14;266-1662336;109.99
V-1000VD;2024-05-23;266-1662339;151.99
V-1000VD;2024-05-14;266-1662340;63.99
V-1000VD;2024-05-14;266-1662343;149.99
V-1000VD;2024-05-17;266-1662953;249.99
V-1000VD;2024-05-15;266-1662476;91.99
V-1000VD;2024-05-09;266-1662481;131.99
V-1000VD;2024-05-14;266-1662482;127.99
V-1000VD;2024-05-24;266-1662483;149.99
V-1000VD;2024-05-16;266-1662539;103.99
V-1000VD;2024-05-22;266-1662540;45.99
V-1000VD;2024-05-17;266-1662575;109.99
V-1000VD;2024-05-10;266-1662574;289.99
V-1000VD;2024-05-22;266-1662761;127.99
V-1000VD;2024-05-17;266-1662762;179.99
V-1000VD;2024-05-10;266-1662763;189.99
V-1000VD;2024-05-17;266-1662770;75.99
V-1000VD;2024-05-10;266-1662771;149.99
V-1000VD;2024-05-22;266-1662897;111.99
V-1000VD;2024-05-21;266-1662898;99.99
V-1000VD;2024-05-23;266-1662917;63.99
V-1000VD;2024-05-23;266-1662919;63.99
V-1000VD;2024-05-23;266-1662920;63.99
V-1000VD;2024-05-24;266-1663008;87.99
V-1000VD;2024-05-21;266-1662982;118
V-1000VD;2024-05-23;266-1663129;187.99
V-1000VD;2024-05-23;266-1663195;115.99
V-1000VD;2024-05-28;266-1663301;198
V-1000VD;2024-05-21;266-1663322;67.99
V-1000VD;2024-05-21;266-1663413;103.99
V-1000VD;2024-05-24;266-1663414;179.99
V-1000VD;2024-05-21;266-1663415;91.99
V-1000VD;2024-05-24;266-1663422;45.99
V-1000VD;2024-05-17;266-1663641;71.99
V-1000VD;2024-05-22;266-1663642;142.99
V-1000VD;2024-05-17;266-1663634;254
V-1000VD;2024-05-27;266-1663773;29.99
V-1000VD;2024-05-29;266-1664198;113.99
V-1000VD;2024-05-30;266-1664278;199.99
V-1000VD;2024-05-30;266-1664309;99.99
V-1000VD;2024-05-23;266-1664351;133.99
V-1000VD;2024-05-30;266-1664392;149.99
V-1000VD;2024-05-27;266-1664352;75.99
V-1000VD;2024-05-29;266-1664393;127.99
V-1000VD;2024-05-24;266-1664394;215.99
V-1000VD;2024-05-31;266-1664428;99.99
V-1000VD;2024-05-27;266-1664543;253.99
V-1000VD;2024-05-30;266-1664544;29.99
V-1000VD;2024-05-24;266-1664546;145.99
V-1000VD;2024-05-30;266-1664547;131.99
V-1000VD;2024-05-30;266-1664548;110.99
V-1000VD;2024-05-30;266-1664549;215.99
V-1000VD;2024-05-31;266-1664825;99.99
V-1000VD;2024-05-31;266-1664826;97.99
V-1000VD;2024-05-30;266-1665318;104.99
V-1000MO;2024-05-03;266-1660719;75.99
V-1000MO;2024-05-08;266-1659329;79.99
V-1000MO;2024-05-01;266-1659885;144.99
V-1000MO;2024-05-22;266-1660917;123.99
V-1000MO;2024-05-06;266-1661165;92.99
V-1000MO;2024-05-01;266-1660045;71.99
V-1000MO;2024-05-01;266-1660096;179.99
V-1000MO;2024-05-02;266-1660246;101.99
V-1000MO;2024-05-10;266-1660249;75.99
V-1000MO;2024-05-03;266-1660428;79.99
V-1000MO;2024-05-03;266-1660429;79.99
V-1000MO;2024-05-01;266-1660580;111
V-1000MO;2024-05-03;266-1660693;79.99
V-1000MO;2024-05-02;266-1660694;71.99
V-1000MO;2024-05-10;266-1660695;155.99
V-1000MO;2024-05-02;266-1660696;157.99
V-1000MO;2024-05-14;266-1661943;179.99
V-1000MO;2024-05-06;266-1660720;63.99
V-1000MO;2024-05-02;266-1660721;57.99
V-1000MO;2024-05-01;266-1660723;293.99
V-1000MO;2024-05-03;266-1660724;179.99
V-1000MO;2024-05-03;266-1660725;67.99
V-1000MO;2024-05-01;266-1660727;167.99
V-1000MO;2024-05-06;266-1660787;79.99
V-1000MO;2024-05-13;266-1661944;151.99
V-1000MO;2024-05-06;266-1660788;189.99
V-1000MO;2024-05-02;266-1660800;186
V-1000MO;2024-05-01;266-1660809;132
V-1000MO;2024-05-01;266-1660845;188
V-1000MO;2024-05-16;266-1662541;106.99
V-1000MO;2024-05-08;266-1661166;93.99
V-1000MO;2024-05-03;266-1661167;99.99
V-1000MO;2024-05-15;266-1661168;75.99
V-1000MO;2024-05-10;266-1661169;267.99
V-1000MO;2024-05-10;266-1661170;132.99
V-1000MO;2024-05-03;266-1661171;57.99
V-1000MO;2024-05-06;266-1661172;117.99
V-1000MO;2024-05-08;266-1661173;99.99
V-1000MO;2024-05-01;266-1661175;86.99
V-1000MO;2024-05-01;266-1661176;86.99
V-1000MO;2024-05-02;266-1661177;177.99
V-1000MO;2024-05-08;266-1661234;113.99
V-1000MO;2024-05-03;266-1661338;293.99
V-1000MO;2024-05-08;266-1661235;57.99
V-1000MO;2024-05-15;266-1661339;113.99
V-1000MO;2024-05-03;266-1661340;99.99
V-1000MO;2024-05-08;266-1661341;215.99
V-1000MO;2024-05-09;266-1661381;91.99
V-1000MO;2024-05-13;266-1661387;74
V-1000MO;2024-05-08;266-1662527;57.99
V-1000MO;2024-05-09;266-1661483;255.99
V-1000MO;2024-05-15;266-1661484;75.99
V-1000MO;2024-05-09;266-1661485;103.99
V-1000MO;2024-05-10;266-1661729;203.99
V-1000MO;2024-05-06;266-1661730;99.99
V-1000MO;2024-05-10;266-1661731;167.99
V-1000MO;2024-05-13;266-1661732;79.99
V-1000MO;2024-05-06;266-1661733;113.99
V-1000MO;2024-05-06;266-1661734;125.99
V-1000MO;2024-05-07;266-1661738;123.99
V-1000MO;2024-05-14;266-1661882;63.99
V-1000MO;2024-05-14;266-1661883;75.99
V-1000MO;2024-05-14;266-1661884;75.99
V-1000MO;2024-05-14;266-1661885;145.99
V-1000MO;2024-05-13;266-1661886;99.99
V-1000MO;2024-05-10;266-1661887;163.99
V-1000MO;2024-05-10;266-1661888;311.99
V-1000MO;2024-05-07;266-1661830;226
V-1000MO;2024-05-10;266-1661831;87
V-1000MO;2024-05-13;266-1661834;105
V-1000MO;2024-05-13;266-1661889;179.99
V-1000MO;2024-05-10;266-1661945;135.99
V-1000MO;2024-05-10;266-1662117;177.99
V-1000MO;2024-05-14;266-1662118;92.99
V-1000MO;2024-05-15;266-1662119;183.99
V-1000MO;2024-05-17;266-1662899;139.99
V-1000MO;2024-05-10;266-1662247;167.99
V-1000MO;2024-05-10;266-1662274;249.99
V-1000MO;2024-05-17;266-1662450;179.99
V-1000MO;2024-05-13;266-1662451;199.99
V-1000MO;2024-05-14;266-1662455;256
V-1000MO;2024-05-17;266-1662528;75.99
V-1000MO;2024-05-09;266-1662529;99.99
V-1000MO;2024-05-09;266-1662542;211.99
V-1000MO;2024-05-16;266-1662900;71.99
V-1000MO;2024-05-15;266-1662901;289.99
V-1000MO;2024-05-14;266-1662902;71.99
V-1000MO;2024-05-17;266-1662903;75.99
V-1000MO;2024-05-13;266-1662904;183.99
V-1000MO;2024-05-23;266-1663015;75.99
V-1000MO;2024-05-27;266-1663601;113.99
V-1000MO;2024-05-23;266-1663021;101.99
V-1000MO;2024-05-23;266-1663022;265.99
V-1000MO;2024-05-22;266-1663023;151.99
V-1000MO;2024-05-14;266-1663024;92.99
V-1000MO;2024-05-16;266-1663164;103.99
V-1000MO;2024-05-16;266-1663025;99.99
V-1000MO;2024-05-14;266-1663048;213.99
V-1000MO;2024-05-23;266-1663096;79.99
V-1000MO;2024-05-15;266-1663097;155.99
V-1000MO;2024-05-30;266-1663098;261.99
V-1000MO;2024-05-22;266-1663099;79.99
V-1000MO;2024-05-13;266-1663100;92.99
V-1000MO;2024-05-23;266-1663101;149.99
V-1000MO;2024-05-13;266-1663165;145.99
V-1000MO;2024-05-23;266-1663166;113.99
V-1000MO;2024-05-23;266-1663167;179.99
V-1000MO;2024-05-21;266-1663181;71.99
V-1000MO;2024-05-28;266-1663185;122
V-1000MO;2024-05-22;266-1663190;216
V-1000MO;2024-05-24;266-1663283;179.99
V-1000MO;2024-05-23;266-1663290;302
V-1000MO;2024-05-17;266-1663490;205.99
V-1000MO;2024-05-27;266-1663602;75.99
V-1000MO;2024-05-15;266-1663603;57.99
V-1000MO;2024-05-17;266-1663604;57.99
V-1000MO;2024-05-28;266-1663605;125.99
V-1000MO;2024-05-21;266-1663606;269.99
V-1000MO;2024-05-27;266-1663721;111.99
V-1000MO;2024-05-27;266-1663722;115.99
V-1000MO;2024-05-27;266-1663723;111.99
V-1000MO;2024-05-23;266-1664146;85.99
V-1000MO;2024-05-24;266-1663724;79.99
V-1000MO;2024-05-22;266-1663725;131.99
V-1000MO;2024-05-27;266-1663750;309.99
V-1000MO;2024-05-27;266-1663751;132.99
V-1000MO;2024-05-22;266-1663755;211.99
V-1000MO;2024-05-28;266-1663802;75.99
V-1000MO;2024-05-28;266-1663803;75.99
V-1000MO;2024-05-28;266-1663804;75.99
V-1000MO;2024-05-28;266-1663805;75.99
V-1000MO;2024-05-28;266-1663806;45.99
V-1000MO;2024-05-27;266-1663807;179.99
V-1000MO;2024-05-22;266-1663916;149.99
V-1000MO;2024-05-22;266-1663917;99.99
V-1000MO;2024-05-28;266-1663918;75.99
V-1000MO;2024-05-29;266-1664147;86.99
V-1000MO;2024-05-23;266-1664148;89.99
V-1000MO;2024-05-29;266-1664149;71.99
V-1000MO;2024-05-23;266-1664150;57.99
V-1000MO;2024-05-23;266-1664151;79.99
V-1000MO;2024-05-23;266-1664152;99.99
V-1000MO;2024-05-22;266-1664171;131.99
V-1000MO;2024-05-23;266-1664173;89.99
V-1000MO;2024-05-29;266-1664174;75.99
V-1000MO;2024-05-29;266-1664175;167.99
V-1000MO;2024-05-24;266-1664324;57.99
V-1000MO;2024-05-23;266-1664325;197.99
V-1000MO;2024-05-30;266-1664326;75.99
V-1000MO;2024-05-30;266-1664491;151.99
V-1000MO;2024-05-30;266-1664492;57.99
V-1000MO;2024-05-24;266-1664493;261.99
V-1000MO;2024-05-24;266-1664494;133.99
V-1000MO;2024-05-29;266-1664495;79.99
V-1000MO;2024-05-29;266-1664496;103.99
V-1000MO;2024-05-27;266-1664470;266
V-1000MO;2024-05-24;266-1664474;186
V-1000MO;2024-05-27;266-1664478;178
V-1000MO;2024-05-29;266-1664498;175.99
V-1000MO;2024-05-31;266-1664688;75.99
V-1000MO;2024-05-31;266-1664689;75.99
V-1000MO;2024-05-24;266-1664690;71.99
V-1000MO;2024-05-31;266-1664736;113.99
V-1000MO;2024-05-31;266-1664737;101.99
V-1000MO;2024-05-31;266-1664802;57.99
V-1000MO;2024-05-28;266-1664803;91.99
V-1000MO;2024-05-31;266-1664806;89.99
V-1000MO;2024-05-27;266-1664807;119.99
V-1000MO;2024-05-28;266-1665103;213.99
V-1000MO;2024-05-29;266-1665104;135.99
V-1000MO;2024-05-28;266-1665107;131.99
V-1000MO;2024-05-28;266-1665108;57.99
V-1000MO;2024-05-30;266-1665176;99.99
V-1000MO;2024-05-30;266-1665177;111.99
V-1000MO;2024-05-30;266-1665295;71.99
V-1000MO;2024-05-30;266-1665242;43.99
V-1000MO;2024-05-30;266-1665468;131.99
V-1000MO;2024-05-31;266-1665783;57.99
V-1000MO;2024-05-31;266-1665786;93.99
V-1000FR;2024-05-01;266-1659005;157.99
V-1000FR;2024-05-10;266-1659739;115.99
V-1000FR;2024-05-01;266-1659772;132.99
V-1000FR;2024-05-01;266-1659958;215.99
V-1000FR;2024-05-07;266-1660011;149.99
V-1000FR;2024-05-02;266-1660194;103.99
V-1000FR;2024-05-07;266-1661755;59.99
V-1000FR;2024-05-01;266-1660207;78
V-1000FR;2024-05-01;266-1660243;85.99
V-1000FR;2024-05-01;266-1660262;97.99
V-1000FR;2024-05-01;266-1660263;167.99
V-1000FR;2024-05-08;266-1660618;78
V-1000FR;2024-05-01;266-1660474;137.99
V-1000FR;2024-05-01;266-1660445;197.99
V-1000FR;2024-05-01;266-1660475;71.99
V-1000FR;2024-05-03;266-1660477;57.99
V-1000FR;2024-05-01;266-1660478;57.99
V-1000FR;2024-05-17;266-1662292;173.99
V-1000FR;2024-05-01;266-1660677;103.99
V-1000FR;2024-05-06;266-1660786;75.99
V-1000FR;2024-05-09;266-1661427;103.99
V-1000FR;2024-05-15;266-1660798;180
V-1000FR;2024-05-15;266-1660825;93
V-1000FR;2024-05-17;266-1662235;167.99
V-1000FR;2024-05-08;266-1660940;99.99
V-1000FR;2024-05-07;266-1660999;71.99
V-1000FR;2024-05-15;266-1661000;179.99
V-1000FR;2024-05-01;266-1661046;250
V-1000FR;2024-05-08;266-1661268;137.99
V-1000FR;2024-05-10;266-1661269;209.99
V-1000FR;2024-05-07;266-1661270;157.99
V-1000FR;2024-05-01;266-1661271;105.99
V-1000FR;2024-05-08;266-1661272;101.99
V-1000FR;2024-05-10;266-1661475;109.99
V-1000FR;2024-05-08;266-1661428;157.99
V-1000FR;2024-05-09;266-1661476;87.99
V-1000FR;2024-05-07;266-1661477;75.99
V-1000FR;2024-05-09;266-1661478;63.99
V-1000FR;2024-05-07;266-1661479;97.99
V-1000FR;2024-05-01;266-1661480;92.99
V-1000FR;2024-05-24;266-1661711;101.99
V-1000FR;2024-05-09;266-1661712;129.99
V-1000FR;2024-05-03;266-1661756;85.99
V-1000FR;2024-05-08;266-1661757;79.99
V-1000FR;2024-05-13;266-1662826;189.99
V-1000FR;2024-05-10;266-1661788;75.99
V-1000FR;2024-05-07;266-1661905;113.99
V-1000FR;2024-05-22;266-1661864;139.99
V-1000FR;2024-05-13;266-1661865;103.99
V-1000FR;2024-05-07;266-1661942;85.99
V-1000FR;2024-05-07;266-1661988;99.99
V-1000FR;2024-05-07;266-1662081;99.99
V-1000FR;2024-05-14;266-1662161;173.99
V-1000FR;2024-05-14;266-1662093;205.99
V-1000FR;2024-05-14;266-1662162;63.99
V-1000FR;2024-05-15;266-1662163;137.99
V-1000FR;2024-05-06;266-1662164;67.99
V-1000FR;2024-05-07;266-1662165;51.99
V-1000FR;2024-05-13;266-1662166;229.99
V-1000FR;2024-05-15;266-1662167;119.99
V-1000FR;2024-05-10;266-1662170;67.99
V-1000FR;2024-05-14;266-1662171;137.99
V-1000FR;2024-05-10;266-1662179;67.99
V-1000FR;2024-05-17;266-1662180;101.99
V-1000FR;2024-05-15;266-1662249;33.99
V-1000FR;2024-05-15;266-1662250;49.99
V-1000FR;2024-05-17;266-1662293;113.99
V-1000FR;2024-05-15;266-1662308;31.99
V-1000FR;2024-05-15;266-1662309;31.99
V-1000FR;2024-05-15;266-1662342;173.99
V-1000FR;2024-05-10;266-1662474;59.99
V-1000FR;2024-05-14;266-1662457;53.99
V-1000FR;2024-05-30;266-1662467;57.99
V-1000FR;2024-05-09;266-1662547;67.99
V-1000FR;2024-05-09;266-1662548;67.99
V-1000FR;2024-05-07;266-1662644;27.99
V-1000FR;2024-05-17;266-1662645;105.99
V-1000FR;2024-05-13;266-1662884;85.99
V-1000FR;2024-05-16;266-1662811;59.99
V-1000FR;2024-05-10;266-1662827;189.99
V-1000FR;2024-05-21;266-1662885;137.99
V-1000FR;2024-05-22;266-1662886;175.99
V-1000FR;2024-05-22;266-1662887;91.99
V-1000FR;2024-05-30;266-1664512;113.99
V-1000FR;2024-05-22;266-1662961;101.99
V-1000FR;2024-05-16;266-1662980;167.99
V-1000FR;2024-05-14;266-1663087;211.99
V-1000FR;2024-05-23;266-1663131;179.99
V-1000FR;2024-05-13;266-1663132;99.99
V-1000FR;2024-05-22;266-1663133;179.99
V-1000FR;2024-05-22;266-1663154;149.99
V-1000FR;2024-05-16;266-1663155;49.99
V-1000FR;2024-05-22;266-1663156;113.99
V-1000FR;2024-05-14;266-1663176;169.99
V-1000FR;2024-05-14;266-1663178;109.99
V-1000FR;2024-05-15;266-1663179;59.99
V-1000FR;2024-05-22;266-1663183;179.99
V-1000FR;2024-05-13;266-1663184;99.99
V-1000FR;2024-05-14;266-1663191;105.99
V-1000FR;2024-05-15;266-1663192;75.99
V-1000FR;2024-05-16;266-1663224;104.99
V-1000FR;2024-05-16;266-1663227;75.99
V-1000FR;2024-05-21;266-1663284;105.99
V-1000FR;2024-05-14;266-1663304;131.99
V-1000FR;2024-05-27;266-1663306;199.99
V-1000FR;2024-05-15;266-1663562;179.99
V-1000FR;2024-05-22;266-1663568;101.99
V-1000FR;2024-05-21;266-1663576;113.99
V-1000FR;2024-05-21;266-1663580;111.99
V-1000FR;2024-05-28;266-1664016;101.99
V-1000FR;2024-05-17;266-1663766;85.99
V-1000FR;2024-05-27;266-1663795;115.99
V-1000FR;2024-05-27;266-1663796;79.99
V-1000FR;2024-05-27;266-1664894;121.99
V-1000FR;2024-05-27;266-1663847;75.99
V-1000FR;2024-05-28;266-1664017;35.99
V-1000FR;2024-05-30;266-1663851;215.99
V-1000FR;2024-05-29;266-1663910;101.99
V-1000FR;2024-05-29;266-1663911;99.99
V-1000FR;2024-05-28;266-1664019;89.99
V-1000FR;2024-05-28;266-1664020;127.99
V-1000FR;2024-05-28;266-1664033;29.99
V-1000FR;2024-05-28;266-1664034;29.99
V-1000FR;2024-05-23;266-1664045;59.99
V-1000FR;2024-05-24;266-1664112;114
V-1000FR;2024-05-29;266-1664164;105.99
V-1000FR;2024-05-29;266-1664165;105.99
V-1000FR;2024-05-28;266-1664188;227.99
V-1000FR;2024-05-24;266-1664346;144
V-1000FR;2024-05-30;266-1665187;99.99
V-1000FR;2024-05-30;266-1664513;61.99
V-1000FR;2024-05-30;266-1664514;62.49
V-1000FR;2024-05-22;266-1664515;85.99
V-1000FR;2024-05-30;266-1664516;147.99
V-1000FR;2024-05-30;266-1664517;147.99
V-1000FR;2024-05-30;266-1664562;29.99
V-1000FR;2024-05-29;266-1664577;277.99
V-1000FR;2024-05-24;266-1664610;25
V-1000FR;2024-05-27;266-1664854;131.99
V-1000FR;2024-05-27;266-1664855;113.99
V-1000FR;2024-05-31;266-1664898;29.99
V-1000FR;2024-05-31;266-1664918;51.99
V-1000FR;2024-05-31;266-1664967;121.99
V-1000FR;2024-05-27;266-1665091;33.99
V-1000FR;2024-05-29;266-1665393;63.99
V-1000FR;2024-05-31;266-1665426;29.99
V-1000FR;2024-05-10;759-1661273;123.18
V-1000FR;2024-05-02;759-1660112;209.54
V-1000SJ;2024-05-03;266-1660716;113.99
V-1000SJ;2024-05-01;266-1659662;249.99
V-1000SJ;2024-05-08;266-1661274;55.99
V-1000SJ;2024-05-01;266-1659893;113.99
V-1000SJ;2024-05-01;266-1659998;132.99
V-1000SJ;2024-05-07;266-1660155;79.99
V-1000SJ;2024-05-01;266-1660186;213.99
V-1000SJ;2024-05-08;266-1661275;49.99
V-1000SJ;2024-05-02;266-1660326;91.99
V-1000SJ;2024-05-02;266-1660604;51.99
V-1000SJ;2024-05-03;266-1660605;31.99
V-1000SJ;2024-05-03;266-1660606;103.99
V-1000SJ;2024-05-02;266-1660607;189.99
V-1000SJ;2024-05-02;266-1660608;77.99
V-1000SJ;2024-05-02;266-1660610;179.99
V-1000SJ;2024-05-03;266-1660611;103.99
V-1000SJ;2024-05-03;266-1660613;149.99
V-1000SJ;2024-05-03;266-1660614;177.99
V-1000SJ;2024-05-03;266-1660615;85.99
V-1000SJ;2024-05-10;266-1661751;105.99
V-1000SJ;2024-05-13;266-1661996;179.99
V-1000SJ;2024-05-03;266-1660640;103.99
V-1000SJ;2024-05-03;266-1660645;109.99
V-1000SJ;2024-05-02;266-1660648;157.99
V-1000SJ;2024-05-01;266-1660650;149.99
V-1000SJ;2024-05-03;266-1660703;29.99
V-1000SJ;2024-05-02;266-1660704;245.99
V-1000SJ;2024-05-23;266-1660705;231.99
V-1000SJ;2024-05-03;266-1660706;189.99
V-1000SJ;2024-05-03;266-1660707;123.99
V-1000SJ;2024-05-03;266-1660708;51.99
V-1000SJ;2024-05-03;266-1660711;29.99
V-1000SJ;2024-05-03;266-1660717;167.99
V-1000SJ;2024-05-10;266-1660729;231.99
V-1000SJ;2024-05-06;266-1660776;151.99
V-1000SJ;2024-05-02;266-1660777;201.99
V-1000SJ;2024-05-06;266-1660778;113.99
V-1000SJ;2024-05-03;266-1660779;131.99
V-1000SJ;2024-05-03;266-1660780;119.99
V-1000SJ;2024-05-01;266-1660781;149.99
V-1000SJ;2024-05-09;266-1660941;101.99
V-1000SJ;2024-05-06;266-1660942;85.99
V-1000SJ;2024-05-06;266-1660943;99.99
V-1000SJ;2024-05-08;266-1660944;75.99
V-1000SJ;2024-05-06;266-1660976;125.99
V-1000SJ;2024-05-15;266-1661020;179.99
V-1000SJ;2024-05-06;266-1661021;79.99
V-1000SJ;2024-05-08;266-1661276;75.99
V-1000SJ;2024-05-08;266-1661277;163.99
V-1000SJ;2024-05-07;266-1661071;92.99
V-1000SJ;2024-05-02;266-1661072;89.99
V-1000SJ;2024-05-06;266-1661102;253.99
V-1000SJ;2024-05-10;266-1661103;151.99
V-1000SJ;2024-05-02;266-1661142;160.99
V-1000SJ;2024-05-15;266-1661143;77.99
V-1000SJ;2024-05-07;266-1661144;131.99
V-1000SJ;2024-05-07;266-1661145;125.99
V-1000SJ;2024-05-01;266-1661146;85.99
V-1000SJ;2024-05-07;266-1661147;105.99
V-1000SJ;2024-05-01;266-1661149;85.99
V-1000SJ;2024-05-01;266-1661150;105.99
V-1000SJ;2024-05-08;266-1661278;103.99
V-1000SJ;2024-05-03;266-1661279;55.99
V-1000SJ;2024-05-08;266-1661280;105.99
V-1000SJ;2024-05-07;266-1661281;105.99
V-1000SJ;2024-05-08;266-1661285;123.99
V-1000SJ;2024-05-07;266-1661286;123.99
V-1000SJ;2024-05-08;266-1661287;149.99
V-1000SJ;2024-05-08;266-1661288;49.99
V-1000SJ;2024-05-07;266-1661330;125.99
V-1000SJ;2024-05-01;266-1661331;131.99
V-1000SJ;2024-05-28;266-1661332;95.99
V-1000SJ;2024-05-24;266-1661333;95.99
V-1000SJ;2024-05-06;266-1661334;109.99
V-1000SJ;2024-05-08;266-1661335;225.99
V-1000SJ;2024-05-10;266-1662047;85.94
V-1000SJ;2024-05-03;266-1661694;123.99
V-1000SJ;2024-05-03;266-1661695;105.99
V-1000SJ;2024-05-09;266-1661621;75.99
V-1000SJ;2024-05-10;266-1661623;151.99
V-1000SJ;2024-05-07;266-1661625;153.99
V-1000SJ;2024-05-06;266-1661626;99.99
V-1000SJ;2024-05-10;266-1661627;103.99
V-1000SJ;2024-05-09;266-1661628;105.99
V-1000SJ;2024-05-03;266-1661696;103.99
V-1000SJ;2024-05-09;266-1661697;105.99
V-1000SJ;2024-05-10;266-1661997;201.99
V-1000SJ;2024-05-08;266-1661699;123.99
V-1000SJ;2024-05-09;266-1661700;149.99
V-1000SJ;2024-05-10;266-1661701;109.99
V-1000SJ;2024-05-06;266-1661702;103.99
V-1000SJ;2024-05-10;266-1661703;57.99
V-1000SJ;2024-05-06;266-1661706;113.99
V-1000SJ;2024-05-09;266-1661707;106.99
V-1000SJ;2024-05-07;266-1661708;167.99
V-1000SJ;2024-05-09;266-1661709;257.99
V-1000SJ;2024-05-07;266-1661710;86.99
V-1000SJ;2024-05-23;266-1661998;116.99
V-1000SJ;2024-05-10;266-1661793;113.99
V-1000SJ;2024-05-10;266-1661811;113.99
V-1000SJ;2024-05-10;266-1661812;59.99
V-1000SJ;2024-05-03;266-1661817;105.99
V-1000SJ;2024-05-28;266-1661818;115.99
V-1000SJ;2024-05-07;266-1661819;63.99
V-1000SJ;2024-05-10;266-1661820;113.99
V-1000SJ;2024-05-10;266-1661821;113.99
V-1000SJ;2024-05-13;266-1661999;149.99
V-1000SJ;2024-05-14;266-1662000;105.99
V-1000SJ;2024-05-10;266-1662001;125.99
V-1000SJ;2024-05-10;266-1662002;105.99
V-1000SJ;2024-05-13;266-1662003;116.99
V-1000SJ;2024-05-10;266-1662005;103.99
V-1000SJ;2024-05-10;266-1661990;268
V-1000SJ;2024-05-13;266-1662006;63.99
V-1000SJ;2024-05-07;266-1662023;128
V-1000SJ;2024-05-07;266-1662050;56.99
V-1000SJ;2024-05-23;266-1662215;129.99
V-1000SJ;2024-05-15;266-1662216;73.99
V-1000SJ;2024-05-07;266-1662217;109.99
V-1000SJ;2024-05-23;266-1662218;85.99
V-1000SJ;2024-05-14;266-1662220;149.99
V-1000SJ;2024-05-17;266-1662825;92.99
V-1000SJ;2024-05-17;266-1662221;105.99
V-1000SJ;2024-05-22;266-1662222;85.99
V-1000SJ;2024-05-22;266-1662383;139.99
V-1000SJ;2024-05-15;266-1662384;131.99
V-1000SJ;2024-05-17;266-1662385;125.99
V-1000SJ;2024-05-17;266-1662386;105.99
V-1000SJ;2024-05-14;266-1662387;113.99
V-1000SJ;2024-05-17;266-1662388;103.99
V-1000SJ;2024-05-08;266-1662389;101.99
V-1000SJ;2024-05-14;266-1662391;179.99
V-1000SJ;2024-05-17;266-1662392;133.99
V-1000SJ;2024-05-14;266-1662408;199.99
V-1000SJ;2024-05-10;266-1662409;187.99
V-1000SJ;2024-05-08;266-1662410;123.99
V-1000SJ;2024-05-17;266-1662411;105.99
V-1000SJ;2024-05-16;266-1662412;107.99
V-1000SJ;2024-05-14;266-1662413;75.99
V-1000SJ;2024-05-22;266-1662414;142.99
V-1000SJ;2024-05-15;266-1662419;115.99
V-1000SJ;2024-05-10;266-1662420;236
V-1000SJ;2024-05-21;266-1663068;103.99
V-1000SJ;2024-05-17;266-1663069;123.99
V-1000SJ;2024-05-21;266-1663472;215.99
V-1000SJ;2024-05-16;266-1662624;29.99
V-1000SJ;2024-05-28;266-1662625;92.99
V-1000SJ;2024-05-30;266-1662626;219.99
V-1000SJ;2024-05-16;266-1662627;92.99
V-1000SJ;2024-05-17;266-1662677;101.99
V-1000SJ;2024-05-23;266-1662678;101.99
V-1000SJ;2024-05-22;266-1662679;105.99
V-1000SJ;2024-05-17;266-1662680;103.99
V-1000SJ;2024-05-10;266-1662681;137.99
V-1000SJ;2024-05-13;266-1662682;189.99
V-1000SJ;2024-05-13;266-1662683;77.99
V-1000SJ;2024-05-23;266-1662687;41.99
V-1000SJ;2024-05-13;266-1662689;100
V-1000SJ;2024-05-22;266-1662704;152
V-1000SJ;2024-05-17;266-1662792;115.99
V-1000SJ;2024-05-17;266-1662793;75.99
V-1000SJ;2024-05-28;266-1663809;53.99
V-1000SJ;2024-05-15;266-1662772;104
V-1000SJ;2024-05-17;266-1662794;131.99
V-1000SJ;2024-05-17;266-1662795;51.99
V-1000SJ;2024-05-23;266-1662796;153.99
V-1000SJ;2024-05-30;266-1662797;157.99
V-1000SJ;2024-05-17;266-1662798;77.99
V-1000SJ;2024-05-10;266-1662799;57.99
V-1000SJ;2024-05-23;266-1663070;189.99
V-1000SJ;2024-05-17;266-1662803;55.99
V-1000SJ;2024-05-17;266-1662804;99.99
V-1000SJ;2024-05-23;266-1662805;201.99
V-1000SJ;2024-05-27;266-1662815;77.99
V-1000SJ;2024-05-17;266-1662818;99.99
V-1000SJ;2024-05-30;266-1664675;92.99
V-1000SJ;2024-05-22;266-1662853;101.99
V-1000SJ;2024-05-22;266-1662854;101.99
V-1000SJ;2024-05-14;266-1663071;125.99
V-1000SJ;2024-05-31;266-1665131;149.99
V-1000SJ;2024-05-27;266-1663819;190
V-1000SJ;2024-05-23;266-1663072;279.99
V-1000SJ;2024-05-22;266-1663073;77.99
V-1000SJ;2024-05-22;266-1663074;137.99
V-1000SJ;2024-05-28;266-1663079;145.99
V-1000SJ;2024-05-21;266-1663080;145.99
V-1000SJ;2024-05-15;266-1663078;114
V-1000SJ;2024-05-29;266-1664302;85.99
V-1000SJ;2024-05-27;266-1663473;151.99
V-1000SJ;2024-05-24;266-1663474;59.99
V-1000SJ;2024-05-24;266-1663475;101.99
V-1000SJ;2024-05-22;266-1663476;99.99
V-1000SJ;2024-05-24;266-1663477;79.99
V-1000SJ;2024-05-24;266-1663479;113.99
V-1000SJ;2024-05-17;266-1663481;167.99
V-1000SJ;2024-05-28;266-1663486;75.99
V-1000SJ;2024-05-16;266-1663487;81.99
V-1000SJ;2024-05-21;266-1663488;113.99
V-1000SJ;2024-05-22;266-1663489;99.99
V-1000SJ;2024-05-21;266-1663491;53.99
V-1000SJ;2024-05-27;266-1663492;115.99
V-1000SJ;2024-05-27;266-1663493;61.99
V-1000SJ;2024-05-21;266-1663494;201.99
V-1000SJ;2024-05-21;266-1663495;45.99
V-1000SJ;2024-05-21;266-1663496;85.99
V-1000SJ;2024-05-17;266-1663497;149.99
V-1000SJ;2024-05-16;266-1663499;57.99
V-1000SJ;2024-05-22;266-1663500;153.99
V-1000SJ;2024-05-22;266-1663501;81.99
V-1000SJ;2024-05-28;266-1663708;113.99
V-1000SJ;2024-05-22;266-1663709;120.99
V-1000SJ;2024-05-24;266-1663710;153.99
V-1000SJ;2024-05-22;266-1663711;85.99
V-1000SJ;2024-05-22;266-1663712;111.99
V-1000SJ;2024-05-24;266-1663714;149.99
V-1000SJ;2024-05-27;266-1663717;153.99
V-1000SJ;2024-05-24;266-1663715;102
V-1000SJ;2024-05-24;266-1663727;96
V-1000SJ;2024-05-28;266-1663811;65.99
V-1000SJ;2024-05-23;266-1663812;231.99
V-1000SJ;2024-05-24;266-1663813;169.99
V-1000SJ;2024-05-27;266-1663814;141.99
V-1000SJ;2024-05-22;266-1663815;213.99
V-1000SJ;2024-05-28;266-1663843;105.99
V-1000SJ;2024-05-27;266-1663845;261.99
V-1000SJ;2024-05-28;266-1663846;113.99
V-1000SJ;2024-05-28;266-1663905;113.99
V-1000SJ;2024-05-28;266-1663907;95.99
V-1000SJ;2024-05-24;266-1663902;226
V-1000SJ;2024-05-22;266-1663904;210
V-1000SJ;2024-05-28;266-1663908;105.99
V-1000SJ;2024-05-28;266-1663944;135.99
V-1000SJ;2024-05-28;266-1663960;57.99
V-1000SJ;2024-05-28;266-1663961;151.99
V-1000SJ;2024-05-28;266-1663962;131.99
V-1000SJ;2024-05-28;266-1663993;137.99
V-1000SJ;2024-05-28;266-1664029;113.99
V-1000SJ;2024-05-28;266-1664088;187.99
V-1000SJ;2024-05-30;266-1664211;105.99
V-1000SJ;2024-05-29;266-1664252;113.99
V-1000SJ;2024-05-29;266-1664253;113.99
V-1000SJ;2024-05-23;266-1664275;76
V-1000SJ;2024-05-23;266-1664276;214
V-1000SJ;2024-05-30;266-1664304;105.99
V-1000SJ;2024-05-22;266-1664305;149.99
V-1000SJ;2024-05-30;266-1664447;71.99
V-1000SJ;2024-05-30;266-1664448;92.99
V-1000SJ;2024-05-23;266-1664449;71.99
V-1000SJ;2024-05-30;266-1664674;137.99
V-1000SJ;2024-05-30;266-1664745;243.99
V-1000SJ;2024-05-31;266-1664776;58
V-1000SJ;2024-05-31;266-1664790;125.99
V-1000SJ;2024-05-31;266-1664792;99.99
V-1000SJ;2024-05-31;266-1664793;131.99
V-1000SJ;2024-05-29;266-1664795;151.99
V-1000SJ;2024-05-29;266-1665010;67.99
V-1000SJ;2024-05-30;266-1665132;92.99
V-1000SJ;2024-05-30;266-1665133;92.99
V-1000SJ;2024-05-27;266-1665135;57.99
V-1000SJ;2024-05-31;266-1665136;65.99
V-1000SJ;2024-05-31;266-1665144;101.99
V-1000SJ;2024-05-27;266-1665146;99.99
V-1000SJ;2024-05-27;266-1665147;65.99
V-1000SJ;2024-05-31;266-1665149;149.99
V-1000SJ;2024-05-31;266-1665157;87.99
V-1000SJ;2024-05-29;266-1665159;216
V-1000SJ;2024-05-31;266-1665168;41.99
V-1000SJ;2024-05-29;266-1665366;71.99
V-1000SJ;2024-05-29;266-1665560;67.99
V-1000SJ;2024-05-31;266-1665743;131.99
V-1000SJ;2024-05-31;266-1665733;103.99
V-1000SJ;2024-05-31;266-1665737;99.99
V-1000SJ;2024-05-31;266-1665745;105.99
V-1000SJ;2024-05-03;759-1660710;175.55
V-1000SO;2024-05-14;266-1654119;142
V-1000SO;2024-05-07;266-1661052;177.99
V-1000SO;2024-05-03;266-1660497;63.99
V-1000SO;2024-05-01;266-1660041;51.99
V-1000SO;2024-05-01;266-1660142;215.99
V-1000SO;2024-05-01;266-1660143;110.99
V-1000SO;2024-05-03;266-1660257;123.99
V-1000SO;2024-05-08;266-1660349;63.99
V-1000SO;2024-05-02;266-1660350;29.99
V-1000SO;2024-05-03;266-1660351;59.99
V-1000SO;2024-05-02;266-1660410;259.99
V-1000SO;2024-05-01;266-1660449;120.99
V-1000SO;2024-05-03;266-1660451;39.99
V-1000SO;2024-05-03;266-1660452;99.99
V-1000SO;2024-05-03;266-1660499;219.99
V-1000SO;2024-05-02;266-1660581;63.99
V-1000SO;2024-05-03;266-1660592;277.99
V-1000SO;2024-05-24;266-1663256;281.99
V-1000SO;2024-05-07;266-1660955;167.99
V-1000SO;2024-05-07;266-1660956;86.99
V-1000SO;2024-05-01;266-1660957;137.99
V-1000SO;2024-05-07;266-1660958;79.99
V-1000SO;2024-05-07;266-1660959;67.99
V-1000SO;2024-05-07;266-1661012;122
V-1000SO;2024-05-16;266-1662325;113.99
V-1000SO;2024-05-07;266-1661053;141.99
V-1000SO;2024-05-10;266-1661089;219.99
V-1000SO;2024-05-23;266-1663042;63.99
V-1000SO;2024-05-07;266-1661259;67.99
V-1000SO;2024-05-08;266-1661357;97.99
V-1000SO;2024-05-06;266-1661358;71.99
V-1000SO;2024-05-07;266-1661359;153.99
V-1000SO;2024-05-03;266-1661360;39.99
V-1000SO;2024-05-14;266-1662936;219.99
V-1000SO;2024-05-09;266-1661525;59.99
V-1000SO;2024-05-09;266-1661526;113.99
V-1000SO;2024-05-06;266-1661593;203.99
V-1000SO;2024-05-09;266-1661594;59.99
V-1000SO;2024-05-07;266-1661665;223.99
V-1000SO;2024-05-10;266-1661666;45.99
V-1000SO;2024-05-22;266-1662209;39.99
V-1000SO;2024-05-17;266-1662210;55.99
V-1000SO;2024-05-15;266-1662211;251.99
V-1000SO;2024-05-17;266-1662212;63.99
V-1000SO;2024-05-16;266-1662213;151.99
V-1000SO;2024-05-14;266-1662286;154
V-1000SO;2024-05-16;266-1662326;75.99
V-1000SO;2024-05-14;266-1662379;137.99
V-1000SO;2024-05-13;266-1662421;151
V-1000SO;2024-05-16;266-1662478;63.99
V-1000SO;2024-05-15;266-1662654;131.99
V-1000SO;2024-05-10;266-1662655;217.99
V-1000SO;2024-05-14;266-1662656;75.99
V-1000SO;2024-05-15;266-1662657;121.99
V-1000SO;2024-05-10;266-1662658;109.99
V-1000SO;2024-05-13;266-1662659;71.99
V-1000SO;2024-05-22;266-1662660;133.99
V-1000SO;2024-05-10;266-1662661;145.99
V-1000SO;2024-05-13;266-1662663;137.99
V-1000SO;2024-05-22;266-1662664;169.99
V-1000SO;2024-05-17;266-1662718;63.99
V-1000SO;2024-05-13;266-1662719;261.99
V-1000SO;2024-05-13;266-1662753;293.99
V-1000SO;2024-05-13;266-1662754;109.99
V-1000SO;2024-05-22;266-1662906;93
V-1000SO;2024-05-16;266-1662937;219.99
V-1000SO;2024-05-14;266-1662977;87.99
V-1000SO;2024-05-13;266-1662978;87.99
V-1000SO;2024-05-14;266-1663043;145.99
V-1000SO;2024-05-21;266-1663076;119.99
V-1000SO;2024-05-22;266-1663077;179.99
V-1000SO;2024-05-13;266-1663257;67.99
V-1000SO;2024-05-16;266-1663258;81.99
V-1000SO;2024-05-15;266-1663259;211.99
V-1000SO;2024-05-15;266-1663260;213.99
V-1000SO;2024-05-15;266-1663261;193.99
V-1000SO;2024-05-23;266-1663262;96.99
V-1000SO;2024-05-24;266-1663289;114.99
V-1000SO;2024-05-24;266-1663329;113.99
V-1000SO;2024-05-24;266-1663640;51.99
V-1000SO;2024-05-16;266-1663575;202
V-1000SO;2024-05-22;266-1663628;202
V-1000SO;2024-05-28;266-1663937;111.99
V-1000SO;2024-05-28;266-1663939;111.99
V-1000SO;2024-05-24;266-1664030;215.99
V-1000SO;2024-05-28;266-1664031;113.99
V-1000SO;2024-05-28;266-1664104;111.99
V-1000SO;2024-05-29;266-1664199;179.99
V-1000SO;2024-05-29;266-1664429;101.99
V-1000SO;2024-05-27;266-1664430;51.99
V-1000SO;2024-05-30;266-1664511;99.99
V-1000SO;2024-05-30;266-1664638;99.99
V-1000SO;2024-05-24;266-1664639;111.99
V-1000SO;2024-05-27;266-1664640;71.99
V-1000SO;2024-05-27;266-1664641;187.99
V-1000SO;2024-05-31;266-1664758;67.99
V-1000SO;2024-05-30;266-1664759;67.99
V-1000SO;2024-05-31;266-1664762;63.99
V-1000SO;2024-05-30;266-1664979;213.99
V-1000SO;2024-05-27;266-1664980;109.99
V-1000SO;2024-05-28;266-1665046;213.99
V-1000SO;2024-05-30;266-1665312;81.99
V-1000SO;2024-05-31;266-1665568;137.99
V-1000SO;2024-05-30;266-1665698;213.99
V-1000SO;2024-05-30;266-1665699;213.99
V-1000SO;2024-05-10;759-1660286;150.97
V-1000FR;2024-05-01;266-1657767A;199.99
V-1000FR;2024-05-03;266-1646913A;149.99
V-1000MO;2024-05-03;266-1650166A;123.99
V-1000MO;2024-05-03;266-1639134A;92.99
V-1000MO;2024-05-03;266-1647175A;189.99
V-1000MO;2024-05-03;266-1646908A;63.99
V-1000MO;2024-05-03;266-1645963C;163.99
V-1000MO;2024-05-03;266-1643444A;219.99
V-1000MO;2024-05-03;266-1643445B;112.99
V-1000MO;2024-05-03;266-1648278A;179.99
V-1000FR;2024-05-03;266-1650681A;189.99
V-1000FR;2024-05-03;266-1645241A;89.99
V-1000MO;2024-05-03;266-1648815A;103.99
V-1000NB;2024-05-03;266-1629488A;107.99
V-1000MO;2024-05-03;266-1639136B;92.99
V-1000FR;2024-05-03;266-1639390A;55.99
V-1000FR;2024-05-03;266-1648764A;77.99
V-1000NB;2024-05-03;266-1659769A;89.99
V-1040HX;2024-05-04;267-1656719A;281.99
V-1000FR;2024-05-07;266-1639392A;103.99
V-1000FR;2024-05-07;266-1652132A;120.99
V-1000FR;2024-05-07;266-1652646A;151.99
V-1000FR;2024-05-07;266-1649306A;201.99
V-1000FR;2024-05-07;266-1649305B;113.99
V-1000FR;2024-05-07;266-1651184A;109.99
V-1000SJ;2024-05-08;266-1660155A;79.99
V-1040HX;2024-05-09;267-1653239A;71.99
V-1040HX;2024-05-09;267-1660197A;37.99
V-1000SJ;2024-05-11;266-1659515A;185.99
V-1000SJ;2024-05-11;266-1659663A;243.99
V-1040HX;2024-05-11;267-1659346A;92.99
V-1000SO;2024-05-14;266-1657689A;150.99
V-1000MO;2024-05-14;266-1649328A;107.99
V-1040HX;2024-05-15;267-1659347A;137.99
V-1000VD;2024-05-16;266-1657090A;213.99
V-1000VD;2024-05-24;266-1655547A;124
V-1040HX;2024-05-24;267-1662567A;105
V-1000SJ;2024-05-24;266-1662413A;75.99
V-1040HX;2024-05-25;267-1630673A;183.99
V-1040HX;2024-05-25;267-1653663A;43.99
V-1040HX;2024-05-28;267-1661567A;167.99
V-1040HX;2024-05-29;267-1660839A;261.99
V-1000VD;2024-05-29;266-1661319A;197.99
V-1000MO;2024-05-29;266-1659455A;129.99
