1654361,3-13-2024 06:11,300
1654995,3-13-2024 06:11,300
1655198,3-13-2024 06:11,300
1655201,3-13-2024 06:11,300
1655202,3-13-2024 06:11,300
1655205,3-13-2024 06:11,300
1655207,3-13-2024 06:11,300
1655209,3-13-2024 06:11,300
1655214,3-13-2024 06:11,300
1655217,3-13-2024 06:11,300
1655219,3-13-2024 06:11,300
1655220,3-13-2024 06:11,300
1655222,3-13-2024 06:11,300
1655223,3-13-2024 06:11,300
1655231,3-13-2024 06:11,300
1655242,3-13-2024 06:11,300
1655248,3-13-2024 06:11,300
1655251,3-13-2024 06:11,300
1655252,3-13-2024 06:11,300
1655253,3-13-2024 06:11,300
1655262,3-13-2024 06:11,300
1655263,3-13-2024 06:11,300
1655268,3-13-2024 06:11,300
1655270,3-13-2024 06:11,300
1655272,3-13-2024 06:11,300
1655279,3-13-2024 06:11,300
1655283,3-13-2024 06:11,300
1655285,3-13-2024 06:11,300
1655292,3-13-2024 06:11,300
1655293,3-13-2024 06:11,300
1655297,3-13-2024 06:11,300
1655300,3-13-2024 06:11,300
1655301,3-13-2024 06:11,300
1655307,3-13-2024 06:11,300
1655309,3-13-2024 06:11,300
1655310,3-13-2024 06:11,300
1655313,3-13-2024 06:11,300
1655318,3-13-2024 06:11,300
1655319,3-13-2024 06:11,300
1655320,3-13-2024 06:11,300
1655321,3-13-2024 06:11,300
1655327,3-13-2024 06:11,300
1655329,3-13-2024 06:11,300
1655330,3-13-2024 06:11,300
1655332,3-13-2024 06:11,300
1655335,3-13-2024 06:11,300
1655337,3-13-2024 06:11,300
1655343,3-13-2024 06:11,300
1655343,3-13-2024 06:11,300
1655344,3-13-2024 06:11,300
1655349,3-13-2024 06:11,300
1655350,3-13-2024 06:11,300
1655351,3-13-2024 06:11,300
1655352,3-13-2024 06:11,300
1655353,3-13-2024 06:11,300
1655354,3-13-2024 06:11,300
1655359,3-13-2024 06:11,300
1655363,3-13-2024 06:11,300
1655364,3-13-2024 06:11,300
1655365,3-13-2024 06:11,300
1655370,3-13-2024 06:11,300
1655371,3-13-2024 06:11,300
